<!DOCTYPE suite SYSTEM "https://testng.org/testng-1.0.dtd" >
<suite name="NBK_DVP_API_Automation">


<groups>  
<run>  
<!-- <include name="SmokeTest"/>   -->
</run>  
</groups>  
	<listeners>
		<listener class-name="Utili.Reporting" />
	</listeners>


	<test name="Test">
		
		<classes>
		
		<class name="APIs.userLoginPOST" />
			<class name="APIs.userCreationPOST" />
			
			<!-- <class name="APIs.userRegisterPOST" />
			<class name="APIs.usersinglelistGET" />
			<class name="APIs.userDELETE" />  -->
			
		</classes>

	</test>

</suite>